{"cameraMode":{"drawMode":0,"name":"Shaded","section":"Shading Mode"},"sceneLighting":false,"audioPlay":false,"sceneViewState":{"m_AlwaysRefresh":false,"showFog":true,"showSkybox":false,"showFlares":true,"showImageEffects":true,"showParticleSystems":true,"showVisualEffectGraphs":true,"m_FxEnabled":true},"in2DMode":false,"pivot":{"x":-0.9626192450523377,"y":-0.14501121640205384,"z":-0.1297251582145691},"rotation":{"x":-0.10004084557294846,"y":0.5325644016265869,"z":-0.06357145309448242,"w":-0.8380540013313294},"size":0.8660253882408142,"orthographic":false}